Date,Time,Rank,Symbol,Score,Trend,Momentum,Volume,PriceAction,RelStrength,SmartMoney,Entry,SL,Target1,Target2,RR_Ratio,Hold_Period,Signals
2026-04-21,07:16 PM IST,1,TRENT,89,20,18,18,10,13,10,4242.8,4032.93,4662.53,4872.4,1:2.0,1-2 weeks,EMA Stacked Bullish | Supertrend Bullish | RSI 70 (Power Zone) | MACD Bullish | Vol Above Avg 1.6x | Strong Delivery (Close near High) | 20-Day Breakout | Strong RS vs Nifty | Institutional Accumulation
2026-04-21,07:16 PM IST,2,HUDCO,87,16,18,18,10,15,10,199.4,189.43,219.34,229.31,1:2.0,1-2 weeks,Supertrend Bullish | RSI 69 (Power Zone) | MACD Bullish | Vol Above Avg 1.5x | Strong Delivery (Close near High) | 20-Day Breakout | Strong RS vs Nifty | Sector Top 3: POWER | Institutional Accumulation
2026-04-21,07:16 PM IST,3,CESC,85,20,8,20,15,15,7,179.42,170.94,196.38,204.86,1:2.0,1-2 weeks,EMA Stacked Bullish | Supertrend Bullish | MACD Bullish | Vol Surge 3.7x | Strong Delivery (Close near High) | 20-Day Breakout | Bullish Engulfing | Strong RS vs Nifty | Sector Top 3: POWER | Consistent Buying
2026-04-21,07:16 PM IST,4,TIINDIA,85,20,18,20,10,10,7,2873.1,2729.45,3160.41,3304.07,1:2.0,1-2 weeks,EMA Stacked Bullish | Supertrend Bullish | RSI 68 (Power Zone) | MACD Bullish | Vol Surge 2.1x | Strong Delivery (Close near High) | 20-Day Breakout | Strong RS vs Nifty | Consistent Buying
2026-04-21,07:16 PM IST,5,CGPOWER,84,20,13,18,10,13,10,795.7,756.24,874.61,914.07,1:2.0,1-2 weeks,EMA Stacked Bullish | Supertrend Bullish | MACD Bullish | Vol Above Avg 1.8x | Strong Delivery (Close near High) | 20-Day Breakout | Strong RS vs Nifty | Institutional Accumulation
2026-04-21,07:16 PM IST,6,WHIRLPOOL,83,15,18,20,10,10,10,925.6,879.32,1018.16,1064.44,1:2.0,1-2 weeks,EMA Stacked Bullish | RSI 66 (Power Zone) | MACD Bullish | Vol Surge 2.8x | Strong Delivery (Close near High) | 20-Day Breakout | Strong RS vs Nifty | Institutional Accumulation
2026-04-21,07:16 PM IST,7,JSWSTEEL,81,15,18,18,10,10,10,1274.5,1221.04,1381.43,1434.89,1:2.0,1-2 weeks,EMA Stacked Bullish | RSI 66 (Power Zone) | MACD Bullish | Vol Above Avg 2.0x | Strong Delivery (Close near High) | 20-Day Breakout | Strong RS vs Nifty | Institutional Accumulation
2026-04-21,07:16 PM IST,8,NAVINFLUOR,81,20,18,18,15,3,7,6471.5,6147.92,7118.65,7442.23,1:2.0,1-2 weeks,EMA Stacked Bullish | Supertrend Bullish | RSI 61 (Power Zone) | MACD Bullish | Vol Above Avg 1.6x | Strong Delivery (Close near High) | 20-Day Breakout | Morning Star | Consistent Buying
2026-04-21,07:16 PM IST,9,JSWENERGY,80,20,18,10,10,15,7,543.05,515.9,597.35,624.51,1:2.0,1-2 weeks,EMA Stacked Bullish | Supertrend Bullish | RSI 67 (Power Zone) | MACD Bullish | 20-Day Breakout | Strong RS vs Nifty | Sector Top 3: POWER | Consistent Buying
2026-04-21,07:16 PM IST,10,TORNTPOWER,80,20,13,15,10,15,7,1606.3,1527.66,1763.59,1842.23,1:2.0,1-2 weeks,EMA Stacked Bullish | Supertrend Bullish | MACD Bullish | Vol Surge 2.3x | 20-Day Breakout | Strong RS vs Nifty | Sector Top 3: POWER | Consistent Buying
2026-04-22,09:13 AM IST,neutral,18.30,68,1,DATAPATTNS,72,16,10,15,13,8,10,0,3749.0,3561.55,4123.9,4311.35,1:2.0,1-2 weeks,EMA Stacked Bullish | ADX 26 (Strong Trend) | ADX Rising | MACD Bullish | Vol Above Avg 2.0x | Strong Delivery (Close near High) | 20-Day Breakout | Marubozu | Strong RS vs Nifty | Institutional Accumulation
2026-04-22,09:13 AM IST,neutral,18.30,68,2,ADANIPOWER,71,20,6,15,13,10,7,0,214.3,203.59,235.73,246.45,1:2.0,1-2 weeks,EMA Stacked Bullish | Supertrend Bullish | ADX 35 (Strong Trend) | ADX Rising | MACD Bullish | Vol Above Avg 1.7x | Strong Delivery (Close near High) | 20-Day Breakout | Marubozu | Strong RS vs Nifty | Consistent Buying
2026-04-22,09:13 AM IST,neutral,18.30,68,3,TIMKEN,70,12,15,15,13,8,7,0,3649.8,3467.31,4014.78,4197.27,1:2.0,1-2 weeks,EMA Stacked Bullish | ADX Rising | RSI 66 (Power Zone) | MACD Bullish | Vol Above Avg 1.7x | Strong Delivery (Close near High) | 20-Day Breakout | Morning Star | Strong RS vs Nifty | Consistent Buying
2026-04-22,09:13 AM IST,neutral,18.30,68,4,EMAMILTD,70,18,10,15,8,12,7,0,471.6,448.67,517.47,540.4,1:2.0,1-2 weeks,EMA Stacked Bullish | Supertrend Bullish | ADX 28 (Strong Trend) | MACD Bullish | Vol Above Avg 1.8x | Strong Delivery (Close near High) | 20-Day Breakout | Strong RS vs Nifty | Sector Top 3: FMCG | Consistent Buying
2026-04-22,09:13 AM IST,neutral,18.30,68,5,ADANIENSOL,69,20,6,15,13,8,7,0,1355.25,1287.49,1490.78,1558.54,1:2.0,1-2 weeks,EMA Stacked Bullish | Supertrend Bullish | ADX 29 (Strong Trend) | ADX Rising | MACD Bullish | Vol Above Avg 1.6x | Strong Delivery (Close near High) | 20-Day Breakout | Marubozu | Strong RS vs Nifty | Consistent Buying
2026-04-22,10:30 AM IST,neutral,18.30,68,1,ADANIPOWER,73,20,6,17,13,10,7,0,215.65,204.87,237.21,248.0,1:2.0,1-2 weeks,EMA Stacked Bullish | Supertrend Bullish | ADX 35 (Strong Trend) | ADX Rising | MACD Bullish | Vol Surge 2.0x | Strong Delivery (Close near High) | 20-Day Breakout | Marubozu | Strong RS vs Nifty | Consistent Buying
2026-04-22,10:30 AM IST,neutral,18.30,68,2,TIMKEN,72,12,15,17,13,8,7,0,3633.0,3451.35,3996.3,4177.95,1:2.0,1-2 weeks,EMA Stacked Bullish | ADX Rising | RSI 65 (Power Zone) | MACD Bullish | Vol Surge 2.3x | Strong Delivery (Close near High) | 20-Day Breakout | Morning Star | Strong RS vs Nifty | Consistent Buying
2026-04-22,10:30 AM IST,neutral,18.30,68,3,EMAMILTD,72,18,10,17,8,12,7,0,473.2,450.27,519.07,542.0,1:2.0,1-2 weeks,EMA Stacked Bullish | Supertrend Bullish | ADX 28 (Strong Trend) | MACD Bullish | Vol Surge 2.1x | Strong Delivery (Close near High) | 20-Day Breakout | Strong RS vs Nifty | Sector Top 3: FMCG | Consistent Buying
2026-04-22,10:30 AM IST,neutral,18.30,68,4,SIEMENS,69,20,6,15,13,8,7,0,3844.3,3652.09,4228.73,4420.95,1:2.0,1-2 weeks,EMA Stacked Bullish | Supertrend Bullish | ADX 29 (Strong Trend) | ADX Rising | MACD Bullish | Vol Above Avg 1.5x | Strong Delivery (Close near High) | 20-Day Breakout | Bullish Engulfing | Strong RS vs Nifty | Consistent Buying
2026-04-22,10:30 AM IST,neutral,18.30,68,5,DATAPATTNS,69,16,10,17,8,8,10,0,3828.3,3636.89,4211.13,4402.55,1:2.0,1-2 weeks,EMA Stacked Bullish | ADX 27 (Strong Trend) | ADX Rising | MACD Bullish | Vol Surge 2.9x | Strong Delivery (Close near High) | 20-Day Breakout | Strong RS vs Nifty | Institutional Accumulation
2026-04-22,10:30 AM IST,neutral,18.30,68,6,TORNTPOWER,68,18,10,12,8,10,10,0,1657.4,1580.68,1810.84,1887.56,1:2.0,1-2 weeks,EMA Stacked Bullish | Supertrend Bullish | ADX 23 (Trending) | ADX Rising | MACD Bullish | Strong Delivery (Close near High) | 20-Day Breakout | Strong RS vs Nifty | Institutional Accumulation
2026-04-22,12:30 PM IST,neutral,18.30,68,1,ADANIPOWER,73,20,6,17,13,10,7,0,215.65,203.83,231.61,236.23,1:1.4,2-3 days,EMA Stacked Bullish | Supertrend Bullish | ADX 35 (Strong Trend) | ADX Rising | MACD Bullish | Vol Surge 2.0x | Strong Delivery (Close near High) | 20-Day Breakout | Marubozu | Strong RS vs Nifty | Consistent Buying
2026-04-22,12:30 PM IST,neutral,18.30,68,2,TIMKEN,72,12,15,17,13,8,7,0,3633.0,3431.96,4035.09,4236.13,1:2.0,2-3 weeks,EMA Stacked Bullish | ADX Rising | RSI 65 (Power Zone) | MACD Bullish | Vol Surge 2.3x | Strong Delivery (Close near High) | 20-Day Breakout | Morning Star | Strong RS vs Nifty | Consistent Buying
2026-04-22,12:30 PM IST,neutral,18.30,68,3,EMAMILTD,72,18,10,17,8,12,7,0,473.2,450.27,507.6,530.53,1:1.5,3-5 days,EMA Stacked Bullish | Supertrend Bullish | ADX 28 (Strong Trend) | MACD Bullish | Vol Surge 2.1x | Strong Delivery (Close near High) | 20-Day Breakout | Strong RS vs Nifty | Sector Top 3: FMCG | Consistent Buying
2026-04-22,12:30 PM IST,neutral,18.30,68,4,SIEMENS,69,20,6,15,13,8,7,0,3844.3,3650.01,4194.01,4368.87,1:1.8,5-8 days,EMA Stacked Bullish | Supertrend Bullish | ADX 29 (Strong Trend) | ADX Rising | MACD Bullish | Vol Above Avg 1.5x | Strong Delivery (Close near High) | 20-Day Breakout | Bullish Engulfing | Strong RS vs Nifty | Consistent Buying
2026-04-22,12:30 PM IST,neutral,18.30,68,5,DATAPATTNS,69,16,10,17,8,8,10,0,3828.3,3560.32,4364.26,4632.24,1:2.0,1-2 weeks,EMA Stacked Bullish | ADX 27 (Strong Trend) | ADX Rising | MACD Bullish | Vol Surge 2.9x | Strong Delivery (Close near High) | 20-Day Breakout | Strong RS vs Nifty | Institutional Accumulation
2026-04-22,12:30 PM IST,neutral,18.30,68,6,TORNTPOWER,68,18,10,12,8,10,10,0,1657.4,1580.68,1772.48,1887.56,1:1.5,5-8 days,EMA Stacked Bullish | Supertrend Bullish | ADX 23 (Trending) | ADX Rising | MACD Bullish | Strong Delivery (Close near High) | 20-Day Breakout | Strong RS vs Nifty | Institutional Accumulation
2026-04-22,12:56 PM IST,neutral,18.30,68,1,ADANIPOWER,73,20,6,17,13,10,7,0,215.65,203.83,231.61,236.23,1:1.4,2-3 days,EMA Stacked Bullish | Supertrend Bullish | ADX 35 (Strong Trend) | ADX Rising | MACD Bullish | Vol Surge 2.0x | Strong Delivery (Close near High) | 20-Day Breakout | Marubozu | Strong RS vs Nifty | Consistent Buying
2026-04-22,12:56 PM IST,neutral,18.30,68,2,TIMKEN,72,12,15,17,13,8,7,0,3633.0,3431.96,4035.09,4236.13,1:2.0,2-3 weeks,EMA Stacked Bullish | ADX Rising | RSI 65 (Power Zone) | MACD Bullish | Vol Surge 2.3x | Strong Delivery (Close near High) | 20-Day Breakout | Morning Star | Strong RS vs Nifty | Consistent Buying
2026-04-22,12:56 PM IST,neutral,18.30,68,3,EMAMILTD,72,18,10,17,8,12,7,0,473.2,450.27,507.6,530.53,1:1.5,3-5 days,EMA Stacked Bullish | Supertrend Bullish | ADX 28 (Strong Trend) | MACD Bullish | Vol Surge 2.1x | Strong Delivery (Close near High) | 20-Day Breakout | Strong RS vs Nifty | Sector Top 3: FMCG | Consistent Buying
2026-04-22,12:56 PM IST,neutral,18.30,68,4,SIEMENS,69,20,6,15,13,8,7,0,3844.3,3650.01,4194.01,4368.87,1:1.8,5-8 days,EMA Stacked Bullish | Supertrend Bullish | ADX 29 (Strong Trend) | ADX Rising | MACD Bullish | Vol Above Avg 1.5x | Strong Delivery (Close near High) | 20-Day Breakout | Bullish Engulfing | Strong RS vs Nifty | Consistent Buying
2026-04-22,12:56 PM IST,neutral,18.30,68,5,DATAPATTNS,69,16,10,17,8,8,10,0,3828.3,3560.32,4364.26,4632.24,1:2.0,1-2 weeks,EMA Stacked Bullish | ADX 27 (Strong Trend) | ADX Rising | MACD Bullish | Vol Surge 2.9x | Strong Delivery (Close near High) | 20-Day Breakout | Strong RS vs Nifty | Institutional Accumulation
2026-04-22,12:56 PM IST,neutral,18.30,68,6,TORNTPOWER,68,18,10,12,8,10,10,0,1657.4,1580.68,1772.48,1887.56,1:1.5,5-8 days,EMA Stacked Bullish | Supertrend Bullish | ADX 23 (Trending) | ADX Rising | MACD Bullish | Strong Delivery (Close near High) | 20-Day Breakout | Strong RS vs Nifty | Institutional Accumulation
2026-04-23,04:30 AM IST,neutral,18.60,68,1,CLEAN,74,12,10,17,13,12,10,0,836.9,790.41,929.87,976.36,1:2.0,3-4 weeks,EMA Stacked Bullish | ADX 21 (Trending) | ADX Rising | MACD Bullish | Vol Surge 7.9x | Strong Delivery (Close near High) | 20-Day Breakout | Marubozu | Strong RS vs Nifty | Sector Top 3: CHEMICALS | Institutional Accumulation
2026-04-23,10:30 AM IST,neutral,18.59,68,1,CIPLA,74,16,15,17,13,6,7,0,1305.9,1263.83,1369.0,1432.11,1:1.5,1-2 weeks,EMA Stacked Bullish | Supertrend Bullish | ADX 22 (Trending) | RSI 65 (Power Zone) | MACD Bullish | Vol Surge 2.6x | Strong Delivery (Close near High) | 20-Day Breakout | Marubozu | Sector Top 3: PHARMA | Consistent Buying
2026-04-23,10:30 AM IST,neutral,18.59,68,2,TORNTPOWER,74,20,6,15,13,10,10,0,1737.0,1655.38,1847.2,1957.38,1:1.4,2-3 days,EMA Stacked Bullish | Supertrend Bullish | ADX 26 (Strong Trend) | ADX Rising | MACD Bullish | Vol Above Avg 1.8x | Strong Delivery (Close near High) | 20-Day Breakout | Marubozu | Strong RS vs Nifty | Institutional Accumulation
2026-04-23,10:30 AM IST,neutral,18.59,68,3,COLPAL,73,18,15,8,13,12,7,0,2150.2,2058.12,2288.32,2380.4,1:1.5,3-5 days,EMA Stacked Bullish | Supertrend Bullish | ADX 31 (Strong Trend) | RSI 66 (Power Zone) | MACD Bullish | Strong Delivery (Close near High) | 20-Day Breakout | Morning Star | Strong RS vs Nifty | Sector Top 3: FMCG | Consistent Buying
2026-04-23,10:30 AM IST,neutral,18.59,68,4,DRREDDY,72,18,15,17,13,6,3,0,1331.0,1273.25,1417.63,1475.38,1:1.5,1-2 weeks,EMA Stacked Bullish | Supertrend FLIP Bullish | ADX 26 (Strong Trend) | RSI 65 (Power Zone) | MACD Bullish | Vol Surge 5.6x | Strong Delivery (Close near High) | 20-Day Breakout | Morning Star | Sector Top 3: PHARMA
2026-04-23,10:30 AM IST,neutral,18.59,68,5,GLENMARK,72,10,15,17,8,12,10,0,2335.0,2230.45,2491.82,2596.37,1:1.5,3-4 weeks,EMA Stacked Bullish | ADX Rising | RSI 69 (Power Zone) | MACD Bullish | Vol Surge 2.6x | Strong Delivery (Close near High) | 20-Day Breakout | Strong RS vs Nifty | Sector Top 3: PHARMA | Institutional Accumulation
2026-04-23,10:30 AM IST,neutral,18.59,68,6,AUBANK,71,18,10,17,8,8,10,0,1056.25,1009.1,1150.56,1197.71,1:2.0,5-8 days,EMA Stacked Bullish | Supertrend Bullish | ADX 24 (Trending) | ADX Rising | MACD Bullish | Vol Surge 2.2x | Strong Delivery (Close near High) | 20-Day Breakout | Strong RS vs Nifty | Institutional Accumulation
2026-04-23,10:30 AM IST,neutral,18.59,68,7,DATAPATTNS,69,20,6,17,8,8,10,0,4135.1,3845.64,4656.12,4916.63,1:1.8,5-8 days,EMA Stacked Bullish | Supertrend Bullish | ADX 30 (Strong Trend) | ADX Rising | MACD Bullish | Vol Surge 4.6x | Strong Delivery (Close near High) | 20-Day Breakout | Strong RS vs Nifty | Institutional Accumulation
2026-04-23,10:30 AM IST,neutral,18.59,68,8,ATUL,68,20,15,9,8,9,7,0,6727.0,6444.78,7291.43,7573.65,1:2.0,5-8 days,EMA Stacked Bullish | Supertrend Bullish | ADX 27 (Strong Trend) | ADX Rising | RSI 63 (Power Zone) | MACD Bullish | Vol Surge 3.2x | 20-Day Breakout | Outperforming Nifty | Sector Top 3: CHEMICALS | Consistent Buying
2026-04-23,11:06 AM IST,neutral,18.59,68,1,CIPLA,74,16,15,17,13,6,7,0,1305.9,1263.83,1369.0,1432.11,1:1.5,1-2 weeks,EMA Stacked Bullish | Supertrend Bullish | ADX 22 (Trending) | RSI 65 (Power Zone) | MACD Bullish | Vol Surge 2.6x | Strong Delivery (Close near High) | 20-Day Breakout | Marubozu | Sector Top 3: PHARMA | Consistent Buying
2026-04-23,11:06 AM IST,neutral,18.59,68,2,TORNTPOWER,74,20,6,15,13,10,10,0,1737.0,1655.38,1847.2,1957.38,1:1.4,2-3 days,EMA Stacked Bullish | Supertrend Bullish | ADX 26 (Strong Trend) | ADX Rising | MACD Bullish | Vol Above Avg 1.8x | Strong Delivery (Close near High) | 20-Day Breakout | Marubozu | Strong RS vs Nifty | Institutional Accumulation
2026-04-23,11:06 AM IST,neutral,18.59,68,3,COLPAL,73,18,15,8,13,12,7,0,2150.2,2058.12,2288.32,2380.4,1:1.5,3-5 days,EMA Stacked Bullish | Supertrend Bullish | ADX 31 (Strong Trend) | RSI 66 (Power Zone) | MACD Bullish | Strong Delivery (Close near High) | 20-Day Breakout | Morning Star | Strong RS vs Nifty | Sector Top 3: FMCG | Consistent Buying
2026-04-23,11:06 AM IST,neutral,18.59,68,4,DRREDDY,72,18,15,17,13,6,3,0,1331.0,1273.25,1417.63,1475.38,1:1.5,1-2 weeks,EMA Stacked Bullish | Supertrend FLIP Bullish | ADX 26 (Strong Trend) | RSI 65 (Power Zone) | MACD Bullish | Vol Surge 5.6x | Strong Delivery (Close near High) | 20-Day Breakout | Morning Star | Sector Top 3: PHARMA
2026-04-23,11:06 AM IST,neutral,18.59,68,5,GLENMARK,72,10,15,17,8,12,10,0,2335.0,2230.45,2491.82,2596.37,1:1.5,3-4 weeks,EMA Stacked Bullish | ADX Rising | RSI 69 (Power Zone) | MACD Bullish | Vol Surge 2.6x | Strong Delivery (Close near High) | 20-Day Breakout | Strong RS vs Nifty | Sector Top 3: PHARMA | Institutional Accumulation
2026-04-23,11:06 AM IST,neutral,18.59,68,6,AUBANK,71,18,10,17,8,8,10,0,1056.25,1009.1,1150.56,1197.71,1:2.0,5-8 days,EMA Stacked Bullish | Supertrend Bullish | ADX 24 (Trending) | ADX Rising | MACD Bullish | Vol Surge 2.2x | Strong Delivery (Close near High) | 20-Day Breakout | Strong RS vs Nifty | Institutional Accumulation
2026-04-23,11:06 AM IST,neutral,18.59,68,7,DATAPATTNS,69,20,6,17,8,8,10,0,4135.1,3845.64,4656.12,4916.63,1:1.8,5-8 days,EMA Stacked Bullish | Supertrend Bullish | ADX 30 (Strong Trend) | ADX Rising | MACD Bullish | Vol Surge 4.6x | Strong Delivery (Close near High) | 20-Day Breakout | Strong RS vs Nifty | Institutional Accumulation
2026-04-23,11:06 AM IST,neutral,18.59,68,8,ATUL,68,20,15,9,8,9,7,0,6727.0,6444.78,7291.43,7573.65,1:2.0,5-8 days,EMA Stacked Bullish | Supertrend Bullish | ADX 27 (Strong Trend) | ADX Rising | RSI 63 (Power Zone) | MACD Bullish | Vol Surge 3.2x | 20-Day Breakout | Outperforming Nifty | Sector Top 3: CHEMICALS | Consistent Buying
2026-04-24,04:39 AM IST,1,HUDCO,73,15,13,15,10,10,10,211.91,201.31,233.1,243.7,1:2.0,1-2 weeks,"EMA Stacked Bullish | MACD Bullish | Vol Surge 2.3x | 20-Day Breakout | Strong RS vs Nifty | Long Buildup (OI: 22,416,450) | High F&O Activity"
2026-04-24,04:39 AM IST,2,COCHINSHIP,72,15,13,15,10,10,9,1684.5,1600.27,1852.95,1937.18,1:2.0,1-2 weeks,"EMA Stacked Bullish | MACD Bullish | Strong Delivery (Close near High) | 20-Day Breakout | Strong RS vs Nifty | Long Buildup (OI: 1,122,800)"
2026-04-24,04:39 AM IST,3,ATUL,70,20,18,5,5,15,7,6869.0,6580.79,7445.43,7733.64,1:2.0,1-2 weeks,EMA Stacked Bullish | Supertrend Bullish | RSI 67 (Power Zone) | MACD Bullish | Near Breakout | Strong RS vs Nifty | Sector Top 3: CHEMICALS | Consistent Buying
2026-04-24,04:39 AM IST,4,MAZDOCK,68,20,18,5,5,10,10,2708.8,2578.0,2970.4,3101.2,1:2.0,1-2 weeks,"EMA Stacked Bullish | Supertrend Bullish | RSI 69 (Power Zone) | MACD Bullish | Near Breakout | Strong RS vs Nifty | Long Buildup (OI: 3,354,600) | High F&O Activity"
2026-04-24,04:39 AM IST,5,LAURUSLABS,68,15,18,5,5,15,10,1131.95,1091.1,1213.65,1254.5,1:2.0,1-2 weeks,"EMA Stacked Bullish | RSI 63 (Power Zone) | MACD Bullish | Near Breakout | Strong RS vs Nifty | Sector Top 3: PHARMA | Long Buildup (OI: 11,074,650) | High F&O Activity"
2026-04-24,04:39 AM IST,6,CUMMINSIND,67,20,18,5,5,9,10,5193.5,5067.6,5445.3,5571.2,1:2.0,3-7 days,"EMA Stacked Bullish | Supertrend Bullish | RSI 63 (Power Zone) | MACD Bullish | Near Breakout | Outperforming Nifty | Long Buildup (OI: 2,447,800) | High F&O Activity"
2026-04-24,04:39 AM IST,7,GLAXO,66,16,18,5,5,15,7,2496.5,2397.78,2693.94,2792.66,1:2.0,1-2 weeks,Supertrend Bullish | RSI 62 (Power Zone) | MACD Bullish | Near Breakout | Strong RS vs Nifty | Sector Top 3: PHARMA | Consistent Buying
2026-04-24,04:39 AM IST,8,HATSUN,66,20,18,5,5,15,3,1010.0,964.0,1102.0,1147.99,1:2.0,1-2 weeks,EMA Stacked Bullish | Supertrend Bullish | RSI 67 (Power Zone) | MACD Bullish | Near Breakout | Strong RS vs Nifty | Sector Top 3: FMCG
2026-04-24,04:39 AM IST,9,SCHAEFFLER,65,20,18,5,5,10,7,4329.7,4113.21,4762.67,4979.16,1:2.0,1-2 weeks,EMA Stacked Bullish | Supertrend Bullish | RSI 64 (Power Zone) | MACD Bullish | Near Breakout | Strong RS vs Nifty | Consistent Buying
2026-04-24,04:39 AM IST,10,RATNAMANI,65,20,18,5,5,10,7,2480.2,2395.0,2650.6,2735.8,1:2.0,1-2 weeks,EMA Stacked Bullish | Supertrend Bullish | RSI 63 (Power Zone) | MACD Bullish | Near Breakout | Strong RS vs Nifty | Consistent Buying
2026-04-24,10:31 AM IST,bearish,19.71,75,1,RATNAMANI,76,16,10,17,13,10,10,0,2628.0,2478.73,2851.9,3075.81,1:1.5,3-4 weeks,EMA Stacked Bullish | Supertrend Bullish | ADX Rising | MACD Bullish | Vol Surge 3.1x | Strong Delivery (Close near High) | 20-Day Breakout | Marubozu | Strong RS vs Nifty | Institutional Accumulation
2026-04-27,04:35 AM IST,1,DIVISLAB,78,15,18,5,15,15,10,6493.5,6274.48,6931.53,7150.55,1:2.0,1-2 weeks,"EMA Stacked Bullish | RSI 69 (Power Zone) | MACD Bullish | 20-Day Breakout | Bullish Engulfing, Marubozu | Strong RS vs Nifty | Sector Top 3: PHARMA | Long Buildup (OI: 805,200) | High F&O Activity"
2026-04-27,04:35 AM IST,2,HINDZINC,74,16,18,5,10,15,10,613.45,582.78,674.8,705.47,1:2.0,1-2 weeks,"Supertrend Bullish | RSI 64 (Power Zone) | MACD Bullish | 20-Day Breakout | Strong RS vs Nifty | Sector Top 3: METALS | Long Buildup (OI: 13,574,225) | High F&O Activity"
2026-04-27,04:35 AM IST,3,TATASTEEL,73,20,18,5,5,15,10,213.63,208.6,223.69,228.72,1:2.0,3-7 days,"EMA Stacked Bullish | Supertrend Bullish | RSI 64 (Power Zone) | MACD Bullish | Near Breakout | Strong RS vs Nifty | Sector Top 3: METALS | Long Buildup (OI: 81,301,000) | High F&O Activity"
2026-04-27,04:35 AM IST,4,JSWSTEEL,73,20,18,5,5,15,10,1290.6,1246.5,1378.8,1422.9,1:2.0,1-2 weeks,"EMA Stacked Bullish | Supertrend Bullish | RSI 66 (Power Zone) | MACD Bullish | Near Breakout | Strong RS vs Nifty | Sector Top 3: METALS | Long Buildup (OI: 10,235,700) | High F&O Activity"
2026-04-27,04:35 AM IST,5,HINDALCO,73,20,13,5,10,15,10,1063.05,1020.36,1148.44,1191.13,1:2.0,1-2 weeks,"EMA Stacked Bullish | Supertrend Bullish | MACD Bullish | 20-Day Breakout | Strong RS vs Nifty | Sector Top 3: METALS | Long Buildup (OI: 12,659,500) | High F&O Activity"
2026-04-27,04:35 AM IST,6,NATIONALUM,73,15,18,5,10,15,10,443.45,421.43,487.48,509.5,1:2.0,1-2 weeks,"EMA Stacked Bullish | RSI 66 (Power Zone) | MACD Bullish | 20-Day Breakout | Strong RS vs Nifty | Sector Top 3: METALS | Long Buildup (OI: 22,912,500) | High F&O Activity"
2026-04-27,04:35 AM IST,7,NTPC,71,15,18,5,10,13,10,408.3,394.45,436.0,449.85,1:2.0,1-2 weeks,"EMA Stacked Bullish | RSI 69 (Power Zone) | MACD Bullish | 20-Day Breakout | Strong RS vs Nifty | Long Buildup (OI: 46,710,000) | High F&O Activity"
2026-04-27,04:35 AM IST,8,JSWENERGY,71,20,18,5,5,13,10,558.55,538.35,598.95,619.15,1:2.0,1-2 weeks,"EMA Stacked Bullish | Supertrend Bullish | RSI 67 (Power Zone) | MACD Bullish | Near Breakout | Strong RS vs Nifty | Long Buildup (OI: 6,576,000) | High F&O Activity"
2026-04-27,04:35 AM IST,9,TORNTPOWER,71,20,8,5,15,13,10,1803.6,1714.36,1982.07,2071.31,1:2.0,1-2 weeks,"EMA Stacked Bullish | Supertrend Bullish | MACD Bullish | 20-Day Breakout | Marubozu | Strong RS vs Nifty | Long Buildup (OI: 2,043,400) | High F&O Activity"
2026-04-27,04:35 AM IST,10,SUNPHARMA,70,7,20,20,5,8,10,1738.7,1666.15,1883.8,1956.34,1:2.0,1-2 weeks,"RSI 55 (Power Zone) | MACD Fresh Crossover | Vol Surge 2.2x | Strong Delivery (Close near High) | Marubozu | Sector Top 3: PHARMA | Long Buildup (OI: 6,629,350) | High F&O Activity"
2026-04-27,10:30 AM IST,bearish,18.38,75,1,JSWENERGY,77,18,10,15,13,12,9,0,574.5,544.93,633.63,663.2,1:2.0,1-2 weeks,EMA Stacked Bullish | Supertrend Bullish | ADX 22 (Trending) | ADX Rising | MACD Bullish | Vol Above Avg 1.8x | Strong Delivery (Close near High) | 20-Day Breakout | Marubozu | Strong RS vs Nifty | Sector Top 3: POWER | Short Covering | High F&O Activity
2026-04-27,10:30 AM IST,bearish,18.38,75,2,HINDZINC,76,16,15,17,8,10,10,0,628.65,596.02,677.59,698.74,1:1.5,2-3 weeks,"EMA Stacked Bullish | Supertrend Bullish | ADX 22 (Trending) | RSI 67 (Power Zone) | MACD Bullish | Vol Surge 3.2x | Strong Delivery (Close near High) | 20-Day Breakout | Strong RS vs Nifty | Long Buildup (OI: 13,722,450) | High F&O Activity"
2026-04-28,04:35 AM IST,1,TATASTEEL,78,20,18,5,10,15,10,216.71,208.98,232.16,239.89,1:2.0,1-2 weeks,"EMA Stacked Bullish | Supertrend Bullish | RSI 67 (Power Zone) | MACD Bullish | 20-Day Breakout | Strong RS vs Nifty | Sector Top 3: METALS | Long Buildup (OI: 42,878,000) | High F&O Activity"
2026-04-28,04:35 AM IST,2,JSWSTEEL,78,20,18,5,10,15,10,1303.3,1254.91,1400.07,1448.46,1:2.0,1-2 weeks,"EMA Stacked Bullish | Supertrend Bullish | RSI 67 (Power Zone) | MACD Bullish | 20-Day Breakout | Strong RS vs Nifty | Sector Top 3: METALS | Long Buildup (OI: 4,619,700) | High F&O Activity"
2026-04-28,04:35 AM IST,3,GLENMARK,78,20,13,5,15,15,10,2396.0,2291.4,2605.2,2709.8,1:2.0,1-2 weeks,"EMA Stacked Bullish | Supertrend Bullish | MACD Bullish | 20-Day Breakout | Morning Star, Marubozu | Strong RS vs Nifty | Sector Top 3: PHARMA | Long Buildup (OI: 766,875) | High F&O Activity"
2026-04-28,04:35 AM IST,4,LT,74,20,18,5,10,11,10,4080.5,3978.5,4284.5,4386.5,1:2.0,3-7 days,"EMA Stacked Bullish | Supertrend Bullish | RSI 59 (Power Zone) | MACD Bullish | Near Breakout | Morning Star | Outperforming Nifty | Sector Top 3: INFRA | Long Buildup (OI: 3,031,350) | High F&O Activity"
2026-04-28,04:35 AM IST,5,ATGL,74,20,13,8,10,13,10,656.65,623.82,722.31,755.15,1:2.0,1-2 weeks,EMA Stacked Bullish | Supertrend Bullish | MACD Bullish | Vol Above Avg 1.9x | 20-Day Breakout | Strong RS vs Nifty | Institutional Accumulation
2026-04-28,04:35 AM IST,6,OLECTRA,73,20,18,5,10,13,7,1256.85,1194.01,1382.53,1445.38,1:2.0,1-2 weeks,EMA Stacked Bullish | Supertrend Bullish | RSI 67 (Power Zone) | MACD Bullish | 20-Day Breakout | Strong RS vs Nifty | Consistent Buying
2026-04-28,04:35 AM IST,7,RATNAMANI,73,20,13,5,10,15,10,2737.9,2601.01,3011.69,3148.59,1:2.0,1-2 weeks,EMA Stacked Bullish | Supertrend Bullish | MACD Bullish | 20-Day Breakout | Strong RS vs Nifty | Sector Top 3: METALS | Institutional Accumulation
2026-04-28,04:35 AM IST,8,KEI,73,20,18,5,10,10,10,4934.4,4750.0,5303.2,5487.6,1:2.0,1-2 weeks,"EMA Stacked Bullish | Supertrend Bullish | RSI 66 (Power Zone) | MACD Bullish | Near Breakout | Morning Star | Strong RS vs Nifty | Long Buildup (OI: 219,975) | High F&O Activity"
2026-04-28,04:35 AM IST,9,COALINDIA,71,20,20,5,10,6,10,469.2,451.13,505.34,523.4,1:2.0,1-2 weeks,"EMA Stacked Bullish | Supertrend Bullish | RSI 64 (Power Zone) | MACD Fresh Crossover | 20-Day Breakout | Long Buildup (OI: 13,740,300) | High F&O Activity"
2026-04-28,04:35 AM IST,10,MIDHANI,71,20,13,10,15,10,3,397.65,377.77,437.41,457.3,1:2.0,1-2 weeks,EMA Stacked Bullish | Supertrend Bullish | MACD Bullish | 20-Day Breakout | Morning Star | Strong RS vs Nifty
2026-04-28,10:30 AM IST,bearish,18.05,75,1,ONGC,78,16,13,17,13,9,10,0,302.15,291.74,317.76,319.52,1:1.5,1-2 weeks,"EMA Stacked Bullish | ADX 30 (Strong Trend) | ADX Rising | MACD Fresh Crossover | Vol Surge 2.2x | Strong Delivery (Close near High) | 20-Day Breakout | Morning Star, Marubozu | Outperforming Nifty | Sector Top 3: ENERGY | Long Buildup (OI: 39,746,250) | High F&O Activity"
2026-04-28,10:30 AM IST,bearish,18.05,75,2,OLECTRA,78,20,10,15,13,10,10,0,1294.0,1217.62,1446.77,1523.15,1:2.0,5-8 days,EMA Stacked Bullish | Supertrend Bullish | ADX 39 (Strong Trend) | ADX Rising | MACD Bullish | Vol Above Avg 1.8x | Strong Delivery (Close near High) | 20-Day Breakout | Marubozu | Strong RS vs Nifty | Institutional Accumulation
2026-04-28,10:30 AM IST,bearish,18.05,75,3,ADANIENT,76,20,6,15,13,12,10,0,2415.0,2296.7,2574.7,2734.42,1:1.3,3-5 days,"EMA Stacked Bullish | Supertrend Bullish | ADX 38 (Strong Trend) | ADX Rising | MACD Bullish | Vol Above Avg 1.7x | Strong Delivery (Close near High) | 20-Day Breakout | Marubozu | Strong RS vs Nifty | Sector Top 3: INFRA | Long Buildup (OI: 4,105,065) | High F&O Activity"
2026-04-29,04:31 AM IST,bullish,16.95,60,1,CROMPTON,75,18,15,12,8,12,10,0,276.39,262.39,297.39,311.39,1:1.5,2-3 weeks,"EMA Stacked Bullish | Supertrend Bullish | ADX 21 (Trending) | ADX Rising | RSI 67 (Power Zone) | MACD Bullish | Strong Delivery (Close near High) | 20-Day Breakout | Strong RS vs Nifty | Sector Top 3: ELECTRICALS | Long Buildup (OI: 48,999,600) | High F&O Activity"
2026-04-29,04:31 AM IST,bullish,16.95,60,2,BHARATFORG,72,18,15,4,13,12,10,0,1936.9,1850.55,2066.43,2152.78,1:1.5,5-8 days,"EMA Stacked Bullish | Supertrend Bullish | ADX 22 (Trending) | ADX Rising | RSI 66 (Power Zone) | MACD Bullish | 20-Day Breakout | Marubozu | Strong RS vs Nifty | Sector Top 3: AUTO | Long Buildup (OI: 7,516,000) | High F&O Activity"
2026-04-29,04:31 AM IST,bullish,16.95,60,3,BANDHANBNK,71,18,10,17,8,8,10,0,198.27,186.85,221.11,232.53,1:2.0,5-8 days,"EMA Stacked Bullish | Supertrend Bullish | ADX 21 (Trending) | ADX Rising | MACD Bullish | Vol Surge 4.0x | Strong Delivery (Close near High) | 20-Day Breakout | Strong RS vs Nifty | Long Buildup (OI: 89,064,000) | High F&O Activity"
2026-04-29,04:31 AM IST,bullish,16.95,60,4,RBLBANK,71,18,18,4,13,8,10,0,335.9,319.64,360.28,366.2,1:1.5,2-3 weeks,"EMA Stacked Bullish | Supertrend Bullish | ADX 22 (Trending) | ADX Rising | RSI 63 (Power Zone) | MACD Fresh Crossover | 20-Day Breakout | Marubozu | Strong RS vs Nifty | Long Buildup (OI: 60,620,275) | High F&O Activity"
2026-04-29,04:31 AM IST,bullish,16.95,60,5,MCX,66,16,15,4,13,8,10,0,2930.3,2794.7,3133.7,3269.3,1:1.5,1-2 weeks,"EMA Stacked Bullish | Supertrend Bullish | ADX Rising | RSI 69 (Power Zone) | MACD Bullish | 20-Day Breakout | Hammer | Strong RS vs Nifty | Long Buildup (OI: 12,646,250) | High F&O Activity"
2026-04-29,04:31 AM IST,bullish,16.95,60,6,SONACOMS,65,20,15,0,8,12,10,0,604.6,574.76,664.27,694.11,1:2.0,5-8 days,"EMA Stacked Bullish | Supertrend Bullish | ADX 26 (Strong Trend) | ADX Rising | RSI 66 (Power Zone) | MACD Bullish | 20-Day Breakout | Strong RS vs Nifty | Sector Top 3: AUTO | Long Buildup (OI: 14,893,550) | High F&O Activity"
2026-04-29,04:31 AM IST,bullish,16.95,60,7,INDUSINDBK,64,14,15,4,13,8,10,0,914.2,872.69,997.23,1038.74,1:2.0,3-4 weeks,"EMA Stacked Bullish | Supertrend Bullish | ADX Rising | RSI 63 (Power Zone) | MACD Bullish | 20-Day Breakout | Marubozu | Strong RS vs Nifty | Long Buildup (OI: 35,109,200) | High F&O Activity"
2026-04-29,04:31 AM IST,bullish,16.95,60,8,GRSE,62,20,6,17,8,8,3,0,3278.0,3053.02,3682.96,3885.45,1:1.8,3-5 days,EMA Stacked Bullish | Supertrend Bullish | ADX 31 (Strong Trend) | ADX Rising | MACD Bullish | Vol Surge 2.6x | Strong Delivery (Close near High) | 20-Day Breakout | Strong RS vs Nifty
2026-04-29,04:31 AM IST,bullish,16.95,60,9,CONCOR,61,20,15,4,4,8,10,0,513.25,495.07,540.52,567.79,1:1.5,5-8 days,"EMA Stacked Bullish | Supertrend Bullish | ADX 28 (Strong Trend) | ADX Rising | RSI 64 (Power Zone) | MACD Bullish | Near Breakout | Strong RS vs Nifty | Long Buildup (OI: 22,791,250) | High F&O Activity"
2026-04-29,04:31 AM IST,bullish,16.95,60,10,LODHA,61,16,15,4,8,8,10,0,897.0,847.42,971.37,1020.95,1:1.5,5-8 days,"EMA Stacked Bullish | Supertrend Bullish | ADX 21 (Trending) | RSI 60 (Power Zone) | MACD Bullish | 20-Day Breakout | Strong RS vs Nifty | Long Buildup (OI: 14,205,600) | High F&O Activity"
2026-04-29,04:35 AM IST,1,CROMPTON,88,20,18,15,10,15,10,277.95,264.05,305.75,319.64,1:2.0,1-2 weeks,"EMA Stacked Bullish | Supertrend Bullish | RSI 67 (Power Zone) | MACD Bullish | Strong Delivery (Close near High) | 20-Day Breakout | Strong RS vs Nifty | Sector Top 3: ELECTRICALS | Long Buildup (OI: 49,563,000) | High F&O Activity"
2026-04-29,04:35 AM IST,2,BANDHANBNK,83,20,13,20,10,10,10,197.7,187.81,217.47,227.36,1:2.0,1-2 weeks,"EMA Stacked Bullish | Supertrend Bullish | MACD Bullish | Vol Surge 4.1x | Strong Delivery (Close near High) | 20-Day Breakout | Strong RS vs Nifty | Long Buildup (OI: 89,085,600) | High F&O Activity"
2026-04-29,04:35 AM IST,3,BHARATFORG,78,20,18,5,10,15,10,1929.5,1843.15,2102.21,2188.56,1:2.0,1-2 weeks,"EMA Stacked Bullish | Supertrend Bullish | RSI 65 (Power Zone) | MACD Bullish | 20-Day Breakout | Strong RS vs Nifty | Sector Top 3: AUTO | Long Buildup (OI: 7,534,000) | High F&O Activity"
2026-04-29,04:35 AM IST,4,MCX,78,20,18,5,15,10,10,2936.5,2800.5,3208.5,3344.5,1:2.0,1-2 weeks,"EMA Stacked Bullish | Supertrend Bullish | RSI 70 (Power Zone) | MACD Bullish | 20-Day Breakout | Hammer | Strong RS vs Nifty | Long Buildup (OI: 12,650,625) | High F&O Activity"
2026-04-29,04:35 AM IST,5,RBLBANK,75,20,20,5,10,10,10,336.6,320.05,369.7,386.25,1:2.0,1-2 weeks,"EMA Stacked Bullish | Supertrend Bullish | RSI 63 (Power Zone) | MACD Fresh Crossover | 20-Day Breakout | Strong RS vs Nifty | Long Buildup (OI: 61,214,000) | High F&O Activity"
2026-04-29,04:35 AM IST,6,INDUSINDBK,74,16,18,5,15,10,10,915.95,874.37,999.12,1040.7,1:2.0,1-2 weeks,"Supertrend Bullish | RSI 63 (Power Zone) | MACD Bullish | 20-Day Breakout | Marubozu | Strong RS vs Nifty | Long Buildup (OI: 35,109,900) | High F&O Activity"
2026-04-29,04:35 AM IST,7,MAZDOCK,73,15,13,10,15,10,10,2786.0,2651.09,3055.82,3190.72,1:2.0,1-2 weeks,"EMA Stacked Bullish | MACD Bullish | Strong Delivery (Close near High) | 20-Day Breakout | Morning Star | Strong RS vs Nifty | Long Buildup (OI: 4,099,800) | High F&O Activity"
2026-04-29,04:35 AM IST,8,GODREJPROP,73,20,18,5,10,10,10,1868.1,1776.75,2050.8,2142.16,1:2.0,1-2 weeks,"EMA Stacked Bullish | Supertrend Bullish | RSI 68 (Power Zone) | MACD Bullish | 20-Day Breakout | Strong RS vs Nifty | Long Buildup (OI: 6,229,300) | High F&O Activity"
2026-04-29,04:35 AM IST,9,PREMEXPLN,70,20,18,5,10,10,7,561.35,533.28,617.49,645.55,1:2.0,1-2 weeks,EMA Stacked Bullish | Supertrend Bullish | RSI 70 (Power Zone) | MACD Bullish | 20-Day Breakout | Strong RS vs Nifty | Consistent Buying
2026-04-29,04:35 AM IST,10,CARBORUNIV,70,20,13,5,10,15,7,974.0,929.86,1062.29,1106.43,1:2.0,1-2 weeks,EMA Stacked Bullish | Supertrend Bullish | MACD Bullish | 20-Day Breakout | Strong RS vs Nifty | Sector Top 3: ELECTRICALS | Consistent Buying
2026-04-29,10:31 AM IST,neutral,17.44,68,1,RBLBANK,79,18,18,17,8,8,10,0,341.3,324.04,367.19,384.45,1:1.5,2-3 weeks,"EMA Stacked Bullish | Supertrend Bullish | ADX 22 (Trending) | ADX Rising | RSI 65 (Power Zone) | MACD Fresh Crossover | Vol Surge 3.0x | Strong Delivery (Close near High) | 20-Day Breakout | Strong RS vs Nifty | Long Buildup (OI: 63,487,300) | High F&O Activity"
2026-04-29,10:31 AM IST,neutral,17.44,68,2,COCHINSHIP,74,20,6,17,13,8,10,0,1776.0,1678.03,1908.26,1996.43,1:1.4,2-3 days,"EMA Stacked Bullish | Supertrend Bullish | ADX 30 (Strong Trend) | ADX Rising | MACD Bullish | Vol Surge 2.1x | Strong Delivery (Close near High) | 20-Day Breakout | Marubozu | Strong RS vs Nifty | Long Buildup (OI: 2,304,400) | High F&O Activity"
2026-04-29,10:31 AM IST,neutral,17.44,68,3,GALAXYSURF,74,16,15,17,8,8,10,0,1950.0,1841.05,2113.42,2222.37,1:1.5,5-8 days,EMA Stacked Bullish | Supertrend Bullish | ADX Rising | RSI 67 (Power Zone) | MACD Bullish | Vol Surge 3.3x | Strong Delivery (Close near High) | 20-Day Breakout | Strong RS vs Nifty | Institutional Accumulation
2026-04-29,10:31 AM IST,neutral,17.44,68,4,CROMPTON,72,18,15,9,8,12,10,0,275.95,261.53,297.58,312.0,1:1.5,2-3 weeks,"EMA Stacked Bullish | Supertrend Bullish | ADX 21 (Trending) | ADX Rising | RSI 67 (Power Zone) | MACD Bullish | Vol Surge 3.8x | 20-Day Breakout | Strong RS vs Nifty | Sector Top 3: ELECTRICALS | Long Buildup (OI: 51,528,600) | High F&O Activity"
2026-04-29,10:31 AM IST,neutral,17.44,68,5,LODHA,69,16,15,12,8,8,10,0,912.7,860.5,1017.1,1069.3,1:2.0,5-8 days,"EMA Stacked Bullish | Supertrend Bullish | ADX 22 (Trending) | RSI 63 (Power Zone) | MACD Bullish | Strong Delivery (Close near High) | 20-Day Breakout | Strong RS vs Nifty | Long Buildup (OI: 14,333,400) | High F&O Activity"
2026-04-29,10:31 AM IST,neutral,17.44,68,6,DEVYANI,69,16,10,17,8,8,10,0,127.5,118.78,140.58,149.3,1:1.5,2-3 weeks,EMA Stacked Bullish | Supertrend Bullish | ADX 24 (Trending) | ADX Rising | MACD Bullish | Vol Surge 8.5x | Strong Delivery (Close near High) | 20-Day Breakout | Strong RS vs Nifty | Institutional Accumulation
2026-04-29,10:31 AM IST,neutral,17.44,68,7,CARBORUNIV,68,20,10,8,8,12,10,0,976.2,931.63,1065.33,1109.9,1:2.0,5-8 days,EMA Stacked Bullish | Supertrend Bullish | ADX 42 (Strong Trend) | ADX Rising | MACD Bullish | 20-Day Breakout | Strong RS vs Nifty | Sector Top 3: ELECTRICALS | Institutional Accumulation
